"id","name","screen_name","statuses_count","followers_count","friends_count","favourites_count","listed_count","url","lang","time_zone","location","default_profile","default_profile_image","geo_enabled","profile_image_url","profile_banner_url","profile_use_background_image","profile_background_image_url_https","profile_text_color","profile_image_url_https","profile_sidebar_border_color","profile_background_tile","profile_sidebar_fill_color","profile_background_image_url","profile_background_color","profile_link_color","utc_offset","is_translator","follow_request_sent","protected","verified","notifications","description","contributors_enabled","following","created_at","timestamp","crawled_at","updated","test_set_1","test_set_2"
"488351800","MASC","angeli_masc","60463","568","387","15599","1","http://t.co/lzG1h0bGlm","en","Singapore","SG|PH",,,"1","http://pbs.twimg.com/profile_images/593394812159537152/uxFYhpph_normal.jpg","https://pbs.twimg.com/profile_banners/488351800/1430310739","1","https://pbs.twimg.com/profile_background_images/563979877167022080/mnhknujj.jpeg","CEC9A7","https://pbs.twimg.com/profile_images/593394812159537152/uxFYhpph_normal.jpg","000000","1","84578D","http://pbs.twimg.com/profile_background_images/563979877167022080/mnhknujj.jpeg","0A090A","ABB8C2","28800",,,,,,,,,"Fri Feb 10 10:59:44 +0000 2012","2012-02-10 11:59:44","2015-05-01 13:11:15","2016-03-15 16:02:35","1","0"
"75506408","Karan Baweja","krnbwj","135","208","263","43","2",,"en","New Delhi","New Delhi",,,"1","http://pbs.twimg.com/profile_images/3735734775/3c94fb95dbcb47127396d7f3c976c355_normal.jpeg","https://pbs.twimg.com/profile_banners/75506408/1369998782",,"https://abs.twimg.com/images/themes/theme1/bg.png","000000","https://pbs.twimg.com/profile_images/3735734775/3c94fb95dbcb47127396d7f3c976c355_normal.jpeg","000000",,"000000","http://abs.twimg.com/images/themes/theme1/bg.png","000000","ABB8C2","19800",,,,,,"Startup-bug-bitten-experimentalist, a wannabee workaholic, wanderer in gaga land , building a great #product for #revolutionizing #commerce Brand: @iitroorkee",,,"Sat Sep 19 08:28:16 +0000 2009","2009-09-19 10:28:16","2015-05-02 01:30:57","2016-03-15 16:06:58","1","1"
"37407255"," অগ্নিভ নিয়োগী","Aagan86","283536","7785","424","1157","217","https://t.co/8FehkHOTmi","en","Kolkata","Kolkata-Jalpaiguri",,,"1","http://pbs.twimg.com/profile_images/591915550386696192/hTm1b9Oy_normal.jpg","https://pbs.twimg.com/profile_banners/37407255/1426482022","1","https://pbs.twimg.com/profile_background_images/75609499/DSC00839.JPG","000000","https://pbs.twimg.com/profile_images/591915550386696192/hTm1b9Oy_normal.jpg","000000","1","78806B","http://pbs.twimg.com/profile_background_images/75609499/DSC00839.JPG","000000","ADAC1F","19800",,,,,,"Typical Aantel,reader, blogger, social media & news addict, opinionated. Joy Bangla!",,,"Sun May 03 12:17:01 +0000 2009","2009-05-03 14:17:01","2015-05-01 17:25:52","2016-03-15 15:53:59","0","0"
"1664307984","laurel daniel","_laureldaniel","1770","179","132","1224","0",,"en",,"edmond","1",,,"http://pbs.twimg.com/profile_images/562415057200377857/7n_ZDqOc_normal.jpeg","https://pbs.twimg.com/profile_banners/1664307984/1425679033","1","https://abs.twimg.com/images/themes/theme1/bg.png","333333","https://pbs.twimg.com/profile_images/562415057200377857/7n_ZDqOc_normal.jpeg","C0DEED",,"DDEEF6","http://abs.twimg.com/images/themes/theme1/bg.png","C0DEED","0084B4",,,,,,,,,,"Mon Aug 12 06:35:01 +0000 2013","2013-08-12 08:35:01","2015-05-01 13:04:00","2016-03-15 16:02:01","0","0"
"308236961","King Devin","_KingDevin25","4790","3325","1327","235","5","http://t.co/bhVTgRUb5r","en",,"Memphis Tn.",,,"1","http://pbs.twimg.com/profile_images/578271190642360321/u15oWIJT_normal.jpeg","https://pbs.twimg.com/profile_banners/308236961/1426704145",,"https://pbs.twimg.com/profile_background_images/387211165/MS-Football-City-0491.jpg","333333","https://pbs.twimg.com/profile_images/578271190642360321/u15oWIJT_normal.jpeg","FFFFFF",,"DDEEF6","http://pbs.twimg.com/profile_background_images/387211165/MS-Football-City-0491.jpg","C0DEED","0084B4",,,,,,,"Official twitter of an Student Athlete on a path to Success. I'm a Leader & DreamChaser #BlackMafia / @Beyonce ♥♥ #LAKERSNATION #GREENBAYNATION #DivineRoyalty",,,"Tue May 31 02:07:05 +0000 2011","2011-05-31 04:07:05","2015-05-01 20:08:34","2016-03-15 16:01:50","0","0"
"1446131569","Lily Phan","lilyfan_","3912","482","439","9909","0",,"en","Eastern Time (US & Canada)",,,,"1","http://pbs.twimg.com/profile_images/593226950522609664/22hFhJnX_normal.jpg","https://pbs.twimg.com/profile_banners/1446131569/1428779304",,"https://pbs.twimg.com/profile_background_images/344918034408049430/70bfce8092f354c0256c770d0f3f2b4e.jpeg","333333","https://pbs.twimg.com/profile_images/593226950522609664/22hFhJnX_normal.jpg","000000",,"DDEEF6","http://pbs.twimg.com/profile_background_images/344918034408049430/70bfce8092f354c0256c770d0f3f2b4e.jpeg","020303","A3A3A3","-14400",,,,,,"look good, feel good, do good. #MTXE",,,"Tue May 21 11:29:06 +0000 2013","2013-05-21 13:29:06","2015-05-02 05:35:33","2016-03-15 16:07:14","1","0"
"887281","Paul Youlten","Payo","626","236","300","16","4","http://t.co/GipGLa4McM","en","Madrid","Europe",,,,"http://pbs.twimg.com/profile_images/101616578/yellowikislogosm_normal.jpg","https://pbs.twimg.com/profile_banners/887281/1400747700","1","https://abs.twimg.com/images/themes/theme1/bg.png","000000","https://pbs.twimg.com/profile_images/101616578/yellowikislogosm_normal.jpg","87BC44",,"E0FF92","http://abs.twimg.com/images/themes/theme1/bg.png","9AE4E8","0000FF","7200",,,,,,"Along the wiki way",,,"Sat Mar 10 22:25:08 +0000 2007","2007-03-10 23:25:08","2015-05-01 12:59:54","2016-03-15 15:59:27","0","0"
"3013763124","Gabrielle K ♡","gabriellanaxo","227","131","322","51","0",,"en",,"Trinidad & Tobago","1",,,"http://pbs.twimg.com/profile_images/564879977078722560/ZV5bUetp_normal.jpeg","https://pbs.twimg.com/profile_banners/3013763124/1423564378","1","https://abs.twimg.com/images/themes/theme1/bg.png","333333","https://pbs.twimg.com/profile_images/564879977078722560/ZV5bUetp_normal.jpeg","C0DEED",,"DDEEF6","http://abs.twimg.com/images/themes/theme1/bg.png","C0DEED","0084B4",,,,,,,,,,"Sun Feb 08 22:35:05 +0000 2015","2015-02-08 23:35:05","2015-05-02 01:06:42","2016-03-15 16:04:53","0","0"
"2982524516","Karla Albores","kakakarlalita","183","88","117","310","0",,"en",,,"1",,,"http://pbs.twimg.com/profile_images/585377007241826304/Y7U_TKr9_normal.jpg","https://pbs.twimg.com/profile_banners/2982524516/1428399728","1","https://abs.twimg.com/images/themes/theme1/bg.png","333333","https://pbs.twimg.com/profile_images/585377007241826304/Y7U_TKr9_normal.jpg","C0DEED",,"DDEEF6","http://abs.twimg.com/images/themes/theme1/bg.png","C0DEED","0084B4",,,,,,,"15 | adventure",,,"Wed Jan 14 11:50:48 +0000 2015","2015-01-14 12:50:48","2015-05-02 00:32:57","2016-03-15 16:06:33","0","0"
"2778387798","Brian Q. Webb","BrianQWebb","306","330","336","43","7","http://t.co/atEHHyDan2","en",,"Taipei, Taiwan & L.A., CA, USA",,,,"http://pbs.twimg.com/profile_images/508127466678792192/u1eQJ6lJ_normal.jpeg","https://pbs.twimg.com/profile_banners/2778387798/1411438157","1","https://pbs.twimg.com/profile_background_images/514234220571418624/b0fJhjVs.jpeg","FB8462","https://pbs.twimg.com/profile_images/508127466678792192/u1eQJ6lJ_normal.jpeg","FFFFFF",,"F1BB8F","http://pbs.twimg.com/profile_background_images/514234220571418624/b0fJhjVs.jpeg","1C1F24","57524C",,,,,,,"Struggling SciFi Smilth. Currently I am slaving over my first long form effort, Shift. Shift is a interdimensional hard science fiction thriller.",,,"Fri Aug 29 12:51:49 +0000 2014","2014-08-29 14:51:49","2015-05-01 21:15:20","2016-03-15 15:55:00","0","0"
"468369974","JWW","jinsofabhooker","8774","414","488","3678","6",,"zh-tw","Beijing",,,,"1","http://pbs.twimg.com/profile_images/586566116866072576/GtffzEh5_normal.jpg","https://pbs.twimg.com/profile_banners/468369974/1428084684","1","https://pbs.twimg.com/profile_background_images/378800000174438351/VEMVw1yS.jpeg","333333","https://pbs.twimg.com/profile_images/586566116866072576/GtffzEh5_normal.jpg","FFFFFF",,"DDEEF6","http://pbs.twimg.com/profile_background_images/378800000174438351/VEMVw1yS.jpeg","0884F0","89C9FA","28800",,,,,,"• Jin / Taiwan / Little Monster• LGNOW Manager",,,"Thu Jan 19 13:27:18 +0000 2012","2012-01-19 14:27:18","2015-05-02 12:00:44","2016-03-15 16:06:14","0","0"
"241157629","Luke","Luke24_","2995","94","334","83","3",,"en","Pacific Time (US & Canada)","Coachella Valley Ca",,,,"http://pbs.twimg.com/profile_images/590249093231816704/SsjSqAMJ_normal.jpg","https://pbs.twimg.com/profile_banners/241157629/1429560760",,"https://abs.twimg.com/images/themes/theme1/bg.png","333333","https://pbs.twimg.com/profile_images/590249093231816704/SsjSqAMJ_normal.jpg","FFFFFF",,"DDEEF6","http://abs.twimg.com/images/themes/theme1/bg.png","C0DEED","0084B4","-25200",,,,,,"- Dolphins - Dodgers - Celtics -",,,"Fri Jan 21 16:07:51 +0000 2011","2011-01-21 17:07:51","2015-05-01 16:14:54","2016-03-15 15:58:24","0","0"
"189795889","Rebecca Priestley","RKPriestley","4153","1581","1000","864","66","http://t.co/72FiPrFJHG","en","Auckland","Wellington, New Zealand",,,"1","http://pbs.twimg.com/profile_images/2529294085/q9gbvro7zksyjs8t9daa_normal.jpeg","https://pbs.twimg.com/profile_banners/189795889/1426045611","1","https://pbs.twimg.com/profile_background_images/153308925/AWA_Science_cover__2.jpg","634047","https://pbs.twimg.com/profile_images/2529294085/q9gbvro7zksyjs8t9daa_normal.jpeg","D3D2CF","1","E3E2DE","http://pbs.twimg.com/profile_background_images/153308925/AWA_Science_cover__2.jpg","EDECE9","088253","43200",,,,,,"Science historian & writer, snr lecturer, columnist for NZ Listener, pumice nerd. Books incl. Mad on Radium: NZ in the Atomic Age & The Awa Book of NZ Science",,,"Sun Sep 12 07:09:03 +0000 2010","2010-09-12 09:09:03","2015-05-01 13:52:48","2016-03-15 15:59:42","1","1"
"346722822","Mayor Maynot","Penguin_Stank","5693","202","600","2688","3",,"en","Central Time (US & Canada)","space. (hopefully)",,,"1","http://pbs.twimg.com/profile_images/459047646544420864/Hm42wdZ5_normal.jpeg","https://pbs.twimg.com/profile_banners/346722822/1398285397","1","https://pbs.twimg.com/profile_background_images/378800000156216008/J7TEw75d.jpeg","00FF11","https://pbs.twimg.com/profile_images/459047646544420864/Hm42wdZ5_normal.jpeg","000000","1","1E00FF","http://pbs.twimg.com/profile_background_images/378800000156216008/J7TEw75d.jpeg","000000","2B1E75","-18000",,,,,,"Positive vibes. Jesus follower. Some tattoos. I might like more. Longboard & drums. Some art. That's about it.",,,"Mon Aug 01 18:50:46 +0000 2011","2011-08-01 20:50:46","2015-05-01 23:54:09","2016-03-15 15:59:29","0","0"
"406524900","Ryan","_RyanIngram","15937","323","234","3024","4",,"en","Central Time (US & Canada)",,,,"1","http://pbs.twimg.com/profile_images/591716856441937920/J91FJ78T_normal.jpg","https://pbs.twimg.com/profile_banners/406524900/1430493633","1","https://abs.twimg.com/images/themes/theme14/bg.gif","333333","https://pbs.twimg.com/profile_images/591716856441937920/J91FJ78T_normal.jpg","EEEEEE","1","EFEFEF","http://abs.twimg.com/images/themes/theme14/bg.gif","131516","009999","-18000",,,,,,"Oklahoma State Sophomore. All our light that shines strong, only lasts for so long.",,,"Sun Nov 06 20:40:35 +0000 2011","2011-11-06 21:40:35","2015-05-02 05:38:02","2016-03-15 16:01:53","0","0"
"632681284","ㅤㅤㅤㅤㅤㅤㅤㅤㅤㅤㅤ","supadupatroopa","20438","345","204","4217","3",,"en","Arizona",,,,,"http://pbs.twimg.com/profile_images/591896774987501568/r6Nk0DqR_normal.jpg","https://pbs.twimg.com/profile_banners/632681284/1430161549","1","https://pbs.twimg.com/profile_background_images/465319226811506688/XTxlm_f7.jpeg","333333","https://pbs.twimg.com/profile_images/591896774987501568/r6Nk0DqR_normal.jpg","FFFFFF","1","DDEEF6","http://pbs.twimg.com/profile_background_images/465319226811506688/XTxlm_f7.jpeg","C0DEED","193354","-25200",,,,,,,,,"Wed Jul 11 07:21:19 +0000 2012","2012-07-11 09:21:19","2015-05-01 16:25:55","2016-03-15 16:10:10","0","0"
"161547148","Paulina Benitez","VanessaBeniteez","18462","1060","557","2500","2","http://t.co/JnX6hMGM6E","es","Guadalajara","ImToxic.",,,"1","http://pbs.twimg.com/profile_images/586172532836827136/Dxh3dsdp_normal.jpg","https://pbs.twimg.com/profile_banners/161547148/1421478954","1","https://pbs.twimg.com/profile_background_images/672621070/24219764bf0e47050819c0ced6d796f7.jpeg","333333","https://pbs.twimg.com/profile_images/586172532836827136/Dxh3dsdp_normal.jpg","FFFFFF","1","FFFFFF","http://pbs.twimg.com/profile_background_images/672621070/24219764bf0e47050819c0ced6d796f7.jpeg","B2DFDA","E03465","-18000",,,,,,"Si te vas no regreses. बुद्ध. . ॐ Flowers in my hair , demons on my head.✌☮ ☯. Dazed and kind of lonely.",,,"Thu Jul 01 03:45:11 +0000 2010","2010-07-01 05:45:11","2015-05-01 13:19:29","2016-03-15 16:01:24","0","0"
"433559911","Juan Carlos Vicente","JuanWolo","6585","178","564","1613","7",,"en-gb","Madrid","( ͝° ͜ʖ͡°) ヽ༼ຈل͜ຈ༽ﾉ ",,,"1","http://pbs.twimg.com/profile_images/578570253556404224/YP5gYkj0_normal.jpeg","https://pbs.twimg.com/profile_banners/433559911/1421438952","1","https://pbs.twimg.com/profile_background_images/513736844370903042/TT17DtkF.jpeg","FFFFFF","https://pbs.twimg.com/profile_images/578570253556404224/YP5gYkj0_normal.jpeg","000000","1","BF2C2C","http://pbs.twimg.com/profile_background_images/513736844370903042/TT17DtkF.jpeg","B8B8B8","E80505","7200",,,,,,"Mechanical Engineer to be. Fine Positivist Spanish Gentleman. Real Madrid, Formula 1 & E, Pendulum, Madeon, Simpsons. TF2. Lonely, like Ted Mosby",,,"Sat Dec 10 18:29:32 +0000 2011","2011-12-10 19:29:32","2015-05-02 09:02:17","2016-03-15 15:57:36","0","0"
"413655972","LADODGERFREDDY","inked1572","8396","470","480","9197","0",,"en","Pacific Time (US & Canada)","parts unknown",,,"1","http://pbs.twimg.com/profile_images/578347335756820480/yHdT4Sjy_normal.jpeg","https://pbs.twimg.com/profile_banners/413655972/1416117643",,"https://pbs.twimg.com/profile_background_images/533208147/dodger-stadium-pic.jpg","333333","https://pbs.twimg.com/profile_images/578347335756820480/yHdT4Sjy_normal.jpeg","C0DEED","1","DDEEF6","http://pbs.twimg.com/profile_background_images/533208147/dodger-stadium-pic.jpg","C0DEED","0084B4","-25200",,,,,,"its gonna  hurt work though it",,,"Wed Nov 16 03:40:52 +0000 2011","2011-11-16 04:40:52","2015-05-02 06:38:46","2016-03-15 16:05:41","1","0"
"2166704005","Rochieebells","RochieeChance","7251","2326","2548","2945","4","http://t.co/QNZ0Rz2FOP","en","Beijing","Planet X",,,"1","http://pbs.twimg.com/profile_images/583626939971141633/eRy1a5ad_normal.jpg","https://pbs.twimg.com/profile_banners/2166704005/1429173995","1","https://pbs.twimg.com/profile_background_images/581475382697684992/8TLr5PMZ.jpg","3C3940","https://pbs.twimg.com/profile_images/583626939971141633/eRy1a5ad_normal.jpg","FFFFFF","1","95E8EC","http://pbs.twimg.com/profile_background_images/581475382697684992/8TLr5PMZ.jpg","ABB8C2","000000","28800",,,,,,"@greysonchance will follow me SOON. If ya know what I mean.  |@SlayGreysonSlay 's & @GreysonSlayer| babes",,,"Thu Oct 31 14:18:37 +0000 2013","2013-10-31 15:18:37","2015-05-01 13:50:01","2016-03-15 15:59:37","1","1"
"1553611423","Patricia ❤","3shaa_","18484","271","216","8487","0","http://t.co/aACbecpPJ2","en","Beijing",,,,"1","http://pbs.twimg.com/profile_images/590355591773626368/AC1UvwfH_normal.jpg","https://pbs.twimg.com/profile_banners/1553611423/1428858568","1","https://pbs.twimg.com/profile_background_images/378800000143032086/cJSktIfW.png","BF9B91","https://pbs.twimg.com/profile_images/590355591773626368/AC1UvwfH_normal.jpg","C4BAB5","1","C2AEA5","http://pbs.twimg.com/profile_background_images/378800000143032086/cJSktIfW.png","698F91","3B94D9","28800",,,,,,"Jeddy, coffee & cheese",,,"Fri Jun 28 17:14:55 +0000 2013","2013-06-28 19:14:55","2015-05-02 08:21:32","2016-03-15 15:53:51","0","0"
"568015457","CG@campfire crew","Cheesegrab","14412","137","177","1632","0","http://t.co/wPKPXfzd38","en","Beijing","Taiwan",,,,"http://pbs.twimg.com/profile_images/588915212629123072/lj0v3t_3_normal.png","https://pbs.twimg.com/profile_banners/568015457/1429104430",,"https://pbs.twimg.com/profile_background_images/460786597756039168/m1FI91fb.png","333333","https://pbs.twimg.com/profile_images/588915212629123072/lj0v3t_3_normal.png","FFFFFF",,"DDEEF6","http://pbs.twimg.com/profile_background_images/460786597756039168/m1FI91fb.png","FFFFFF","00CCCC","28800",,,,,,"CG || ☾ || they/them|| ENG/FR/日本語/中文 || UTAU, FE:A, Tourabu, HQ!! || rly gay for Tsukishima Kei || ☀️@_tobenai☀️|| Matching w @adamashiodo",,,"Tue May 01 08:46:08 +0000 2012","2012-05-01 10:46:08","2015-05-01 14:26:18","2016-03-15 15:55:19","0","0"
"144976887","Hammad Khan","hakns","16991","1051","603","2225","13","http://t.co/izi2ZsZmwh","en","Islamabad","Pakistan",,,,"http://pbs.twimg.com/profile_images/592746678307926017/wsuOVN3s_normal.jpg","https://pbs.twimg.com/profile_banners/144976887/1430157290","1","https://pbs.twimg.com/profile_background_images/543878753919574016/nOB6ciHY.jpeg","3C3940","https://pbs.twimg.com/profile_images/592746678307926017/wsuOVN3s_normal.jpg","FFFFFF","1","95E8EC","http://pbs.twimg.com/profile_background_images/543878753919574016/nOB6ciHY.jpeg","0099B9","DD2E44","18000",,,,,,"Graduate Student of Igneous Metamorphic Geology | Columnist @Shashcaism | Blogger | Peace Seeking | Finicky | Down to Earth | Wanderlust http://t.co/FxCiNZlw9I",,,"Mon May 17 20:29:51 +0000 2010","2010-05-17 22:29:51","2015-05-02 12:33:06","2016-03-15 16:05:11","1","1"
"876150199","Dan Bakkedahl","bakkedahl","4565","4558","669","1552","71",,"en",,"Los Angeles",,,"1","http://pbs.twimg.com/profile_images/567017771213389824/5QylnCLs_normal.jpeg","https://pbs.twimg.com/profile_banners/876150199/1424022546","1","https://abs.twimg.com/images/themes/theme1/bg.png","333333","https://pbs.twimg.com/profile_images/567017771213389824/5QylnCLs_normal.jpeg","C0DEED",,"DDEEF6","http://abs.twimg.com/images/themes/theme1/bg.png","C0DEED","00A7B3",,,,,"1",,"Cause I'm leavin in the mornin. Won't be Bakkedahl.",,,"Fri Oct 12 18:18:46 +0000 2012","2012-10-12 20:18:46","2015-05-01 19:16:20","2016-03-15 16:02:56","1","1"
"710518321","Marielle Tuazon","myltuazon","33479","498","304","13415","3",,"en","Beijing",,,,,"http://pbs.twimg.com/profile_images/594076609646198785/60u1c2ej_normal.jpg","https://pbs.twimg.com/profile_banners/710518321/1430475095","1","https://pbs.twimg.com/profile_background_images/378800000151611444/BMFvnD2X.jpeg","3D1957","https://pbs.twimg.com/profile_images/594076609646198785/60u1c2ej_normal.jpg","FFFFFF","1","7AC3EE","http://pbs.twimg.com/profile_background_images/378800000151611444/BMFvnD2X.jpeg","3AA3B5","344A8F","28800",,,,,,"Daughter of a King // Tuguegarao, Cagayan // BSMT @CSU // http://t.co/TEOkitrMF2",,,"Sun Jul 22 10:59:37 +0000 2012","2012-07-22 12:59:37","2015-05-01 16:51:50","2016-03-15 16:08:07","0","0"
"1390147280","Nico Galán","ElNicoGalan","182","204","1221","48","2","http://t.co/qw0MMrRPj1","en",,,"1",,,"http://pbs.twimg.com/profile_images/570390767996309504/rOmivYMa_normal.jpeg","https://pbs.twimg.com/profile_banners/1390147280/1424826732","1","https://abs.twimg.com/images/themes/theme1/bg.png","333333","https://pbs.twimg.com/profile_images/570390767996309504/rOmivYMa_normal.jpeg","C0DEED",,"DDEEF6","http://abs.twimg.com/images/themes/theme1/bg.png","C0DEED","0084B4",,,,,,,"Actor. Artist. Dreamer. Nomad. Wine lover. Crossfiter. Charming man, you be the judge.",,,"Mon Apr 29 18:23:22 +0000 2013","2013-04-29 20:23:22","2015-05-02 04:34:49","2016-03-15 15:56:10","0","0"
"123209387","James Procopis","JamesProcopis","15","42","32","9","0",,"en",,"sunderland","1",,,"http://pbs.twimg.com/profile_images/466943428211650560/Tv_xmtY3_normal.png","https://pbs.twimg.com/profile_banners/123209387/1418261640","1","https://abs.twimg.com/images/themes/theme1/bg.png","333333","https://pbs.twimg.com/profile_images/466943428211650560/Tv_xmtY3_normal.png","C0DEED",,"DDEEF6","http://abs.twimg.com/images/themes/theme1/bg.png","C0DEED","0084B4",,,,,,,"Sunderland lad, Sunderland dad (to my greatest creation, my son Kai), Founder of @SunderlandNow. Love @Cyprus & @SunderlandAFC",,,"Mon Mar 15 10:28:41 +0000 2010","2010-03-15 11:28:41","2015-05-02 08:41:00","2016-03-15 15:57:18","0","0"
"547900413","Allie loves niall ","DrumminAshton","24580","1057","484","3245","6","https://t.co/LpXT8Osluo","en","Arizona","WWA 9/16/14 5SOS 10/13/14",,,,"http://pbs.twimg.com/profile_images/583027062769881088/7kOA36fm_normal.jpg","https://pbs.twimg.com/profile_banners/547900413/1428014431","1","https://pbs.twimg.com/profile_background_images/695489203/03b8d651ecd3de30705f03ddefba4489.jpeg","333333","https://pbs.twimg.com/profile_images/583027062769881088/7kOA36fm_normal.jpg","FFFFFF","1","DDEEF6","http://pbs.twimg.com/profile_background_images/695489203/03b8d651ecd3de30705f03ddefba4489.jpeg","635F5F","00E0F0","-25200",,,,,,"what the fuck is derby",,,"Sat Apr 07 18:35:40 +0000 2012","2012-04-07 20:35:40","2015-05-01 13:51:41","2016-03-15 15:56:03","0","0"
"568841497","B.J. ","ThatWhiteKidBj","3681","184","166","869","0",,"en",,"Bakersfield CA","1",,"1","http://pbs.twimg.com/profile_images/593672526368149504/d8hoyJyI_normal.jpg","https://pbs.twimg.com/profile_banners/568841497/1426212007","1","https://abs.twimg.com/images/themes/theme1/bg.png","333333","https://pbs.twimg.com/profile_images/593672526368149504/d8hoyJyI_normal.jpg","C0DEED",,"DDEEF6","http://abs.twimg.com/images/themes/theme1/bg.png","C0DEED","0084B4",,,,,,,"20 y/o, full time employed at Cognito Motorsports",,,"Wed May 02 06:01:22 +0000 2012","2012-05-02 08:01:22","2015-05-01 14:30:41","2016-03-15 16:00:56","1","0"
"153690249","José María Patiño","Chemaparis","2466","3913","165","156","96","http://t.co/2F7mAXv2Rj","es","Paris","Madrid","1",,"1","http://pbs.twimg.com/profile_images/3466464093/84610dfd79b791269ee54fd2c9d9b696_normal.jpeg","https://pbs.twimg.com/profile_banners/153690249/1364827367","1","https://abs.twimg.com/images/themes/theme1/bg.png","333333","https://pbs.twimg.com/profile_images/3466464093/84610dfd79b791269ee54fd2c9d9b696_normal.jpeg","C0DEED",,"DDEEF6","http://abs.twimg.com/images/themes/theme1/bg.png","C0DEED","0084B4","7200",,,,,,"Periodista y bluesman. Libro: Crónicas de Paname, a punto de salir en http://t.co/l0tO542lNt",,,"Wed Jun 09 05:52:12 +0000 2010","2010-06-09 07:52:12","2015-05-01 13:11:14","2016-03-15 15:55:20","0","0"
"853893720","yl","wxel_","5814","458","241","7654","0",,"en","Eastern Time (US & Canada)","معلِم",,,"1","http://pbs.twimg.com/profile_images/593960230670610432/6wR5wA81_normal.jpg","https://pbs.twimg.com/profile_banners/853893720/1430402177","1","https://pbs.twimg.com/profile_background_images/440999664389591040/5hgj8MpY.jpeg","16818E","https://pbs.twimg.com/profile_images/593960230670610432/6wR5wA81_normal.jpg","FFFFFF","1","030516","http://pbs.twimg.com/profile_background_images/440999664389591040/5hgj8MpY.jpeg","FCFCFC","ABB8C2","-14400",,,,,,"one nation under squad",,,"Sun Sep 30 01:28:16 +0000 2012","2012-09-30 03:28:16","2015-05-01 18:53:47","2016-03-15 16:10:57","0","0"
"274577874","rina '15","rinrin1513","27858","120","113","139","5","http://t.co/qBKCbsqFp4","en","Tokyo","東京",,,"1","http://pbs.twimg.com/profile_images/464482442741428224/kBlIgsEp_normal.jpeg","https://pbs.twimg.com/profile_banners/274577874/1399576144","1","https://abs.twimg.com/images/themes/theme7/bg.gif","333333","https://pbs.twimg.com/profile_images/464482442741428224/kBlIgsEp_normal.jpeg","FFFFFF",,"C0DFEC","http://abs.twimg.com/images/themes/theme7/bg.gif","EBEBEB","CC61D6","32400",,,,,,"興：JPOP史・バラエティ・セーラームーン 音：ハロプロ・関ジャニ∞・LoVendoЯ・等々 推：亀井絵里・渋谷すばる",,,"Wed Mar 30 15:28:57 +0000 2011","2011-03-30 17:28:57","2015-05-01 17:44:57","2016-03-15 16:09:16","0","0"
"481994964","Taimur M Sulehria","MeerTaimur","1133","254","89","2645","1","https://t.co/23Z5vskJ0x","en","Dublin","Azad Kashmir","1",,"1","http://pbs.twimg.com/profile_images/590076786731421696/RgxfMZt7_normal.jpg","https://pbs.twimg.com/profile_banners/481994964/1429520074","1","https://abs.twimg.com/images/themes/theme1/bg.png","333333","https://pbs.twimg.com/profile_images/590076786731421696/RgxfMZt7_normal.jpg","C0DEED",,"DDEEF6","http://abs.twimg.com/images/themes/theme1/bg.png","C0DEED","0084B4","3600",,,,,,,,,"Fri Feb 03 12:09:55 +0000 2012","2012-02-03 13:09:55","2015-05-01 13:04:14","2016-03-15 15:58:43","0","0"
"18989002","CBS 6 Albany - WRGB","CBS6Albany","54344","27856","756","291","605","http://t.co/5GFa3V0Eir","en","Eastern Time (US & Canada)","Albany, New York",,,"1","http://pbs.twimg.com/profile_images/422236432/Picture_5_normal.png",NULL,"1","https://pbs.twimg.com/profile_background_images/8030633/twitter_wrgb_v3.jpg","0B0D0E","https://pbs.twimg.com/profile_images/422236432/Picture_5_normal.png","4C5FBD",,"BABCFD","http://pbs.twimg.com/profile_background_images/8030633/twitter_wrgb_v3.jpg","0C2488","0F1B8A","-14400",,,,"1",,"Bringing you news, weather and sports in the Albany region.",,,"Wed Jan 14 18:44:15 +0000 2009","2009-01-14 19:44:15","2015-05-01 13:57:54","2016-03-15 15:55:05","0","0"
"1465100186","Janelle Kissoon","Jan_zie","647","72","49","177","0",,"en",,"Trinidad and Tobago ","1",,"1","http://pbs.twimg.com/profile_images/588538981404446721/DEwZnHUN_normal.jpg","https://pbs.twimg.com/profile_banners/1465100186/1429153602","1","https://abs.twimg.com/images/themes/theme1/bg.png","333333","https://pbs.twimg.com/profile_images/588538981404446721/DEwZnHUN_normal.jpg","C0DEED",,"DDEEF6","http://abs.twimg.com/images/themes/theme1/bg.png","C0DEED","0084B4",,,,,,,"Shamead Mohammed's property since 02/02/12.",,,"Tue May 28 16:24:08 +0000 2013","2013-05-28 18:24:08","2015-05-02 05:45:47","2016-03-15 15:57:18","0","0"
"256741082","*pours the syrup","lEEmSavag3","8184","690","1606","2581","4",,"en","Pacific Time (US & Canada)",,"1",,,"http://pbs.twimg.com/profile_images/496141187091144705/a79SCAVa_normal.jpeg","https://pbs.twimg.com/profile_banners/256741082/1428032066","1","https://abs.twimg.com/images/themes/theme1/bg.png","333333","https://pbs.twimg.com/profile_images/496141187091144705/a79SCAVa_normal.jpeg","C0DEED",,"DDEEF6","http://abs.twimg.com/images/themes/theme1/bg.png","C0DEED","0084B4","-25200",,,,,,,,,"Thu Feb 24 00:15:12 +0000 2011","2011-02-24 01:15:12","2015-05-01 16:49:33","2016-03-15 16:07:02","0","0"
"1414080518","elizabeth :)","xoayeli","2147","125","70","421","0",,"en",,,"1",,"1","http://pbs.twimg.com/profile_images/593965738055991296/5nM2hXy__normal.jpg","https://pbs.twimg.com/profile_banners/1414080518/1430447359","1","https://abs.twimg.com/images/themes/theme1/bg.png","333333","https://pbs.twimg.com/profile_images/593965738055991296/5nM2hXy__normal.jpg","C0DEED",,"DDEEF6","http://abs.twimg.com/images/themes/theme1/bg.png","C0DEED","0084B4",,,,,,,,,,"Wed May 08 23:32:20 +0000 2013","2013-05-09 01:32:20","2015-05-02 05:05:00","2016-03-15 16:11:03","0","0"
"348393966","Abdullah Al-Ajmi","Abbdulla_","19390","385","252","11","1","http://t.co/t6UdlE86YT","en","Eastern Time (US & Canada)","OK,USA","1",,"1","http://pbs.twimg.com/profile_images/588757699459874816/dTkaBmf3_normal.jpg","https://pbs.twimg.com/profile_banners/348393966/1429381282","1","https://abs.twimg.com/images/themes/theme1/bg.png","333333","https://pbs.twimg.com/profile_images/588757699459874816/dTkaBmf3_normal.jpg","C0DEED",,"DDEEF6","http://abs.twimg.com/images/themes/theme1/bg.png","C0DEED","0084B4","-14400",,,,,,,,,"Thu Aug 04 10:45:50 +0000 2011","2011-08-04 12:45:50","2015-05-02 00:03:05","2016-03-15 15:54:00","0","0"
"382481131","Charlie Walker","charliethevern","17190","257","222","13364","4",,"en",,"Weird City, Ohhhhhklahoma",,,"1","http://pbs.twimg.com/profile_images/528327039934160896/gaSZ3zuc_normal.jpeg","https://pbs.twimg.com/profile_banners/382481131/1405613980","1","https://pbs.twimg.com/profile_background_images/645533955/0t69r39nc1y07iq98qk2.jpeg","6B276B","https://pbs.twimg.com/profile_images/528327039934160896/gaSZ3zuc_normal.jpeg","000000","1","F6FFD1","http://pbs.twimg.com/profile_background_images/645533955/0t69r39nc1y07iq98qk2.jpeg","352726","D02B55",,,,,,,"*Stop dogging on the Pharisees-at least they washed their hands.* I believe much trouble and blood would be saved if we opened our hearts more. -Chief Joseph",,,"Fri Sep 30 04:28:34 +0000 2011","2011-09-30 06:28:34","2015-05-02 03:29:04","2016-03-15 16:03:32","1","0"
"3070794500","cvee","cristieeevee","936","162","153","225","0",,"en",,,"1",,,"http://pbs.twimg.com/profile_images/592465723584196608/yVQLTEKv_normal.jpg","https://pbs.twimg.com/profile_banners/3070794500/1430445792","1","https://abs.twimg.com/images/themes/theme1/bg.png","333333","https://pbs.twimg.com/profile_images/592465723584196608/yVQLTEKv_normal.jpg","C0DEED",,"DDEEF6","http://abs.twimg.com/images/themes/theme1/bg.png","C0DEED","0084B4",,,,,,,"maria is my life",,,"Tue Mar 10 05:32:56 +0000 2015","2015-03-10 06:32:56","2015-05-02 01:36:29","2016-03-15 16:03:53","0","0"
"229875064","Artur Monakhov","ArthurKassel","80","3","50","27","0",,"ru","Athens","Sparta,Greece",,,"1","http://pbs.twimg.com/profile_images/586283271324971008/OSTZiPjE_normal.jpg","https://pbs.twimg.com/profile_banners/229875064/1428615842","1","https://pbs.twimg.com/profile_background_images/587680225569280000/KnXIYh_p.png","333333","https://pbs.twimg.com/profile_images/586283271324971008/OSTZiPjE_normal.jpg","C0DEED",,"DDEEF6","http://pbs.twimg.com/profile_background_images/587680225569280000/KnXIYh_p.png","FFFFFF","89C9FA","10800",,,,,,,,,"Thu Dec 23 15:34:31 +0000 2010","2010-12-23 16:34:31","2015-05-01 16:01:06","2016-03-15 15:54:30","0","0"
"1425572605","❂❂❂❂❂","AlexiaStaine","346","451","403","1875","0",,"en",,,"1",,,"http://pbs.twimg.com/profile_images/592433803601248256/tDIdC4hN_normal.jpg","https://pbs.twimg.com/profile_banners/1425572605/1430082066","1","https://abs.twimg.com/images/themes/theme1/bg.png","333333","https://pbs.twimg.com/profile_images/592433803601248256/tDIdC4hN_normal.jpg","C0DEED",,"DDEEF6","http://abs.twimg.com/images/themes/theme1/bg.png","C0DEED","0084B4",,,,,,,"16 || keller tx || frhs",,,"Mon May 13 13:52:32 +0000 2013","2013-05-13 15:52:32","2015-05-02 05:16:35","2016-03-15 15:54:11","1","0"
"71762592","Bisma Akbar","bismaakbar","234","322","234","1","8",,"en","Islamabad","Pakistan ",,,,"http://pbs.twimg.com/profile_images/544873567372865537/_6hFxwb-_normal.jpeg",NULL,"1","https://abs.twimg.com/images/themes/theme7/bg.gif","333333","https://pbs.twimg.com/profile_images/544873567372865537/_6hFxwb-_normal.jpeg","DFDFDF",,"F3F3F3","http://abs.twimg.com/images/themes/theme7/bg.gif","EBEBEB","990000","18000",,,,,,"Media Manager - Alif Ailaan. All view are my own. RTs are not endorsements.",,,"Sat Sep 05 09:02:06 +0000 2009","2009-09-05 11:02:06","2015-05-02 01:02:43","2016-03-15 16:03:06","0","0"
"14418605","Akira Sanz","akiraoltar","17282","242","139","466","16","http://t.co/DhOnHqZNAf","en","Madrid","España",,,"1","http://pbs.twimg.com/profile_images/516899181806764032/zxYSYoue_normal.jpeg",NULL,"1","https://abs.twimg.com/images/themes/theme14/bg.gif","333333","https://pbs.twimg.com/profile_images/516899181806764032/zxYSYoue_normal.jpeg","EEEEEE","1","EFEFEF","http://abs.twimg.com/images/themes/theme14/bg.gif","131516","009999","7200",,,,,,"Un mono con una mochila cohete.",,,"Thu Apr 17 09:54:56 +0000 2008","2008-04-17 11:54:56","2015-05-01 13:17:56","2016-03-15 16:02:23","0","0"
"1613091608","ABBA's Helicopter","abba_helicopter","2997","249","740","1887","6",,"en","Eastern Time (US & Canada)","Zach Randolph City, USA",,,"1","http://pbs.twimg.com/profile_images/572217784428265472/cWYQBWFT_normal.jpeg","https://pbs.twimg.com/profile_banners/1613091608/1428883314","1","https://abs.twimg.com/images/themes/theme15/bg.png","333333","https://pbs.twimg.com/profile_images/572217784428265472/cWYQBWFT_normal.jpeg","A8C7F7",,"C0DFEC","http://abs.twimg.com/images/themes/theme15/bg.png","022330","321DAB","-14400",,,,,,"❤️ live garage rock~classic pop radio~The Best Show/FOTs~karaoke as modern art~NBA basketball~hating white dudes~NJPW~Sega Dreamcast~you maybe?",,,"Mon Jul 22 15:38:56 +0000 2013","2013-07-22 17:38:56","2015-05-02 09:51:32","2016-03-15 16:02:58","1","1"
"1855455756","Tyler Steven Migl","Tmigl21","3583","243","623","2239","1",,"en","Eastern Time (US & Canada)",,,,"1","http://pbs.twimg.com/profile_images/592170973706588160/wSQN3FRf_normal.jpg","https://pbs.twimg.com/profile_banners/1855455756/1430019537",,"https://abs.twimg.com/images/themes/theme14/bg.gif","333333","https://pbs.twimg.com/profile_images/592170973706588160/wSQN3FRf_normal.jpg","FFFFFF","1","DDEEF6","http://abs.twimg.com/images/themes/theme14/bg.gif","3B94D9","3B94D9","-14400",,,,,,"there is a girl❤️",,,"Wed Sep 11 21:22:56 +0000 2013","2013-09-11 23:22:56","2015-05-01 13:19:47","2016-03-15 16:01:10","0","0"
"27372659","DayOtraVez","DayObama","16004","590","894","806","12","http://t.co/uQTNU9MLvJ","en","Pacific Time (US & Canada)","my location is out here",,,"1","http://pbs.twimg.com/profile_images/557426205633548288/WOO59ih6_normal.jpeg","https://pbs.twimg.com/profile_banners/27372659/1373953116","1","https://pbs.twimg.com/profile_background_images/131649092/doom.jpg","8F8F8F","https://pbs.twimg.com/profile_images/557426205633548288/WOO59ih6_normal.jpeg","000000","1","000000","http://pbs.twimg.com/profile_background_images/131649092/doom.jpg","000000","FF0000","-25200",,,,,,"Spreadℒℴѵℯ #TaskForce",,,"Sun Mar 29 03:36:16 +0000 2009","2009-03-29 05:36:16","2015-05-01 16:12:50","2016-03-15 15:55:48","0","0"
"261781756","JayR","Jay_Rob23_","9084","331","774","55","2",,"en",,,"1",,,"http://pbs.twimg.com/profile_images/571394494559596545/Kc_AEhjN_normal.jpeg",NULL,"1","https://abs.twimg.com/images/themes/theme1/bg.png","333333","https://pbs.twimg.com/profile_images/571394494559596545/Kc_AEhjN_normal.jpeg","C0DEED",,"DDEEF6","http://abs.twimg.com/images/themes/theme1/bg.png","C0DEED","0084B4",,,,,,,"Future Division one Basketball coach Educated blk man with no dependents!",,,"Sun Mar 06 17:59:31 +0000 2011","2011-03-06 18:59:31","2015-05-01 17:04:04","2016-03-15 15:57:22","0","0"
"2642655806","MISTY","girlbelieber201","141","321","316","51","0",,"en","Pacific Time (US & Canada)","berhampore",,,,"http://pbs.twimg.com/profile_images/588286234050498560/HRSNeFWx_normal.jpg","https://pbs.twimg.com/profile_banners/2642655806/1429268937",,"https://abs.twimg.com/images/themes/theme1/bg.png","000000","https://pbs.twimg.com/profile_images/588286234050498560/HRSNeFWx_normal.jpg","000000",,"000000","http://abs.twimg.com/images/themes/theme1/bg.png","000000","F5ABB5","-25200",,,,,,"I AM A LOVE EXPERT HI HI",,,"Mon Jul 14 03:30:54 +0000 2014","2014-07-14 05:30:54","2015-05-01 19:14:15","2016-03-15 16:05:02","0","0"
"413461232","diamond donnie azoff","snidethecreator","19221","315","285","2439","2",,"en","Central Time (US & Canada)","edmond oklahoma.",,,"1","http://pbs.twimg.com/profile_images/582230487294300160/jZC828yi_normal.jpg","https://pbs.twimg.com/profile_banners/413461232/1430091597","1","https://abs.twimg.com/images/themes/theme9/bg.gif","333333","https://pbs.twimg.com/profile_images/582230487294300160/jZC828yi_normal.jpg","000000",,"EFEFEF","http://abs.twimg.com/images/themes/theme9/bg.gif","1A1B1F","000000","-18000",,,,,,"fast and merciless",,,"Tue Nov 15 22:31:50 +0000 2011","2011-11-15 23:31:50","2015-05-02 06:22:31","2016-03-15 16:09:54","0","0"
"1021644026","Josh","Str8outdaforest","5589","88","131","2095","0",,"en","Pacific Time (US & Canada)","Maple Ridge",,,,"http://pbs.twimg.com/profile_images/549640466447089665/WkxopgRs_normal.jpeg","https://pbs.twimg.com/profile_banners/1021644026/1358197172","1","https://pbs.twimg.com/profile_background_images/879078348/8b7da7c5ecabbe71b5b6959e46c4a2ec.jpeg","333333","https://pbs.twimg.com/profile_images/549640466447089665/WkxopgRs_normal.jpeg","FFFFFF","1","DDEEF6","http://pbs.twimg.com/profile_background_images/879078348/8b7da7c5ecabbe71b5b6959e46c4a2ec.jpeg","C0DEED","0084B4","-25200",,,,,,"Born in Cali, Raised in B.C.Life is hard, growing up is not easy whatsoever. Cherish the little things and indulge once in awhile.",,,"Wed Dec 19 08:39:43 +0000 2012","2012-12-19 09:39:43","2015-05-01 22:04:21","2016-03-15 16:00:43","0","0"
"225281874","Bipin Bhandari","bipiiin","163","46","124","55","0",,"en",,"Kathmandu ","1",,,"http://pbs.twimg.com/profile_images/482725433486491648/BKgJVS0x_normal.jpeg","https://pbs.twimg.com/profile_banners/225281874/1403925906","1","https://abs.twimg.com/images/themes/theme1/bg.png","333333","https://pbs.twimg.com/profile_images/482725433486491648/BKgJVS0x_normal.jpeg","C0DEED",,"DDEEF6","http://abs.twimg.com/images/themes/theme1/bg.png","C0DEED","0084B4",,,,,,,"Mobile Application Developer @ view9",,,"Sat Dec 11 05:38:33 +0000 2010","2010-12-11 06:38:33","2015-05-01 15:57:15","2016-03-15 16:03:06","1","1"
"2784675022","devin","wsupdev","4218","107","152","1474","1",,"en",,,"1",,,"http://pbs.twimg.com/profile_images/592446382096584704/19zCV7nS_normal.jpg","https://pbs.twimg.com/profile_banners/2784675022/1430085243","1","https://abs.twimg.com/images/themes/theme1/bg.png","333333","https://pbs.twimg.com/profile_images/592446382096584704/19zCV7nS_normal.jpg","C0DEED",,"DDEEF6","http://abs.twimg.com/images/themes/theme1/bg.png","C0DEED","0084B4",,,,,,,"w",,,"Fri Sep 26 00:04:00 +0000 2014","2014-09-26 02:04:00","2015-05-01 21:28:14","2016-03-15 16:10:56","0","0"
"554002998","Heather ","krazymoonz","1355","69","533","657","0",,"en","Arizona","Illinois",,,,"http://pbs.twimg.com/profile_images/2211932645/images_normal.jpg",NULL,,"https://abs.twimg.com/images/themes/theme10/bg.gif","000000","https://pbs.twimg.com/profile_images/2211932645/images_normal.jpg","000000",,"000000","http://abs.twimg.com/images/themes/theme10/bg.gif","000000","9266CC","-25200",,,,,,"Author,  WWE Fan, Bears and Cubs fan.",,,"Sat Apr 14 23:46:06 +0000 2012","2012-04-15 01:46:06","2015-05-01 13:57:22","2016-03-15 16:06:57","1","1"
"3073742769","QUł$Ҥλ₩₦","QuiNigga__","427","241","309","1376","0",,"en",,"Susanville CA","1",,"1","http://pbs.twimg.com/profile_images/593662437645225984/jAV7Asc4_normal.jpg","https://pbs.twimg.com/profile_banners/3073742769/1430375129","1","https://abs.twimg.com/images/themes/theme1/bg.png","333333","https://pbs.twimg.com/profile_images/593662437645225984/jAV7Asc4_normal.jpg","C0DEED",,"DDEEF6","http://abs.twimg.com/images/themes/theme1/bg.png","C0DEED","0084B4",,,,,,,"Snapchat: quishawngeer // Gone but never forgotten LSM & MD",,,"Fri Mar 06 00:08:55 +0000 2015","2015-03-06 01:08:55","2015-05-02 01:41:44","2016-03-15 15:59:39","1","1"
"539977804","marsi ","LOUISHAIRY","48011","20004","2301","15958","315",,"da","Copenhagen",,,,"1","http://pbs.twimg.com/profile_images/587002559845371904/-6gajh6f_normal.png","https://pbs.twimg.com/profile_banners/539977804/1430081269","1","https://pbs.twimg.com/profile_background_images/587013247720538113/5UzBDwaV.jpg","333333","https://pbs.twimg.com/profile_images/587002559845371904/-6gajh6f_normal.png","000000",,"DDEEF6","http://pbs.twimg.com/profile_background_images/587013247720538113/5UzBDwaV.jpg","000000","ABB8C2","7200",,,,,,"fuck us all the end",,,"Thu Mar 29 13:29:54 +0000 2012","2012-03-29 15:29:54","2015-05-01 13:41:54","2016-03-15 15:58:06","1","1"
"1567482860","Tu Kieu","mr2kieu","67","35","155","7","0",,"en",,"Bay Area, California","1",,,"http://pbs.twimg.com/profile_images/544770700146663425/q0-dK5Xu_normal.jpeg","https://pbs.twimg.com/profile_banners/1567482860/1372919354","1","https://abs.twimg.com/images/themes/theme1/bg.png","333333","https://pbs.twimg.com/profile_images/544770700146663425/q0-dK5Xu_normal.jpeg","C0DEED",,"DDEEF6","http://abs.twimg.com/images/themes/theme1/bg.png","C0DEED","0084B4",,,,,,,,,,"Thu Jul 04 06:16:22 +0000 2013","2013-07-04 08:16:22","2015-05-02 08:49:29","2016-03-15 16:08:03","0","0"
"345197864","Marie Stefanek","sassykawaii","7783","58","97","9","2","http://t.co/kFO3mw7Dk8","en","Taipei","Cebu City, Philippines",,,,"http://pbs.twimg.com/profile_images/441615346911293440/asmiVlOf_normal.jpeg","https://pbs.twimg.com/profile_banners/345197864/1383742339","1","https://abs.twimg.com/images/themes/theme10/bg.gif","3D1957","https://pbs.twimg.com/profile_images/441615346911293440/asmiVlOf_normal.jpeg","65B0DA","1","7AC3EE","http://abs.twimg.com/images/themes/theme10/bg.gif","642D8B","FF0000","28800",,,,,,"http://t.co/mWnJi1dvwZLife is fun if you just take time to find out how. ;)",,,"Sat Jul 30 06:05:02 +0000 2011","2011-07-30 08:05:02","2015-05-01 23:36:08","2016-03-15 16:09:34","0","0"
"2408175668","Kayleigh Hemstreet","KayHemstreet","701","252","376","1781","0",,"en",,,"1",,"1","http://pbs.twimg.com/profile_images/594141374661795841/UcSfrniq_normal.jpg","https://pbs.twimg.com/profile_banners/2408175668/1430335805","1","https://abs.twimg.com/images/themes/theme1/bg.png","333333","https://pbs.twimg.com/profile_images/594141374661795841/UcSfrniq_normal.jpg","C0DEED",,"DDEEF6","http://abs.twimg.com/images/themes/theme1/bg.png","C0DEED","0084B4",,,,,,,"Hype Dance Company & EHS pom↠↡↟↞↠↡↟↞↠↡↟↞↠↡↟↞↠↡↟↞↠↡↟↞",,,"Mon Mar 24 02:20:41 +0000 2014","2014-03-24 03:20:41","2015-05-01 16:33:36","2016-03-15 15:57:52","0","0"
"369285103","Your Master","Lyshpahh","10957","429","394","4491","0",,"en","Hawaii",,,,,"http://pbs.twimg.com/profile_images/592256923883311104/BidvjTVf_normal.jpg","https://pbs.twimg.com/profile_banners/369285103/1428910519","1","https://pbs.twimg.com/profile_background_images/881068928/22eadafca16e4507ef6505a60dfa882f.jpeg","333333","https://pbs.twimg.com/profile_images/592256923883311104/BidvjTVf_normal.jpg","FFFFFF","1","DDEEF6","http://pbs.twimg.com/profile_background_images/881068928/22eadafca16e4507ef6505a60dfa882f.jpeg","C1CBEB","0084B4","-36000",,,,,,"Im filled with hate but in a cute way",,,"Wed Sep 07 02:53:36 +0000 2011","2011-09-07 04:53:36","2015-05-02 02:05:04","2016-03-15 15:58:25","0","0"
"79057935","Francis Arzadon ","franchicovi","21061","248","290","2665","1",,"en","Chongqing","Quezon City",,,"1","http://pbs.twimg.com/profile_images/569505113547358208/ETQclAUx_normal.jpeg",NULL,"1","https://pbs.twimg.com/profile_background_images/678275895/d308a0511636b5f106e90893108fb3ef.jpeg","333333","https://pbs.twimg.com/profile_images/569505113547358208/ETQclAUx_normal.jpeg","FFFFFF",,"EBCA92","http://pbs.twimg.com/profile_background_images/678275895/d308a0511636b5f106e90893108fb3ef.jpeg","EBB5E9","0084B4","28800",,,,,,"Philippians 4:13 :)",,,"Fri Oct 02 01:21:26 +0000 2009","2009-10-02 03:21:26","2015-05-02 02:03:10","2016-03-15 16:04:48","0","0"
"474784082"," Sudipta Ghosh","Sudipta_Rupu","8172","133","109","1729","16","http://t.co/EJ9T4lMruq","en",,"Howrah,West Bengal,India","1",,,"http://pbs.twimg.com/profile_images/565068143450521601/2OFlVDcp_normal.jpeg","https://pbs.twimg.com/profile_banners/474784082/1424192969","1","https://abs.twimg.com/images/themes/theme1/bg.png","333333","https://pbs.twimg.com/profile_images/565068143450521601/2OFlVDcp_normal.jpeg","C0DEED",,"DDEEF6","http://abs.twimg.com/images/themes/theme1/bg.png","C0DEED","0084B4",,,,,,,"My Desire to Use 10 Times Faster #ELIFES7 of @GioneeIndia! Happy New Year 2 0 1 5~",,,"Thu Jan 26 10:28:07 +0000 2012","2012-01-26 11:28:07","2015-05-02 12:31:56","2016-03-15 16:00:46","1","0"
"231721237"," 레이","cojjeee","12822","168","403","524","5",,"en","Singapore","lipa city, batangas",,,"1","http://pbs.twimg.com/profile_images/578132050412093440/8Es9h046_normal.jpeg","https://pbs.twimg.com/profile_banners/231721237/1426672559","1","https://pbs.twimg.com/profile_background_images/579491980733906944/lAxwhV_w.png","D1D1D1","https://pbs.twimg.com/profile_images/578132050412093440/8Es9h046_normal.jpeg","000000","1","252429","http://pbs.twimg.com/profile_background_images/579491980733906944/lAxwhV_w.png","1A1B1F","F5ABB5","28800",,,,,,"RMT,Cassie and Boice",,,"Wed Dec 29 08:16:54 +0000 2010","2010-12-29 09:16:54","2015-05-01 16:03:50","2016-03-15 16:03:46","0","0"
"1557371234","rayne","PALEBVTERA","23443","4326","231","6749","24","http://t.co/lZWu9ygbFX","en","Beijing","           PH",,,"1","http://pbs.twimg.com/profile_images/592747359903338496/HHq8JIQ4_normal.jpg","https://pbs.twimg.com/profile_banners/1557371234/1430156957","1","https://pbs.twimg.com/profile_background_images/450840973497470976/RlRpNnSx.png","333333","https://pbs.twimg.com/profile_images/592747359903338496/HHq8JIQ4_normal.jpg","FFFFFF",,"F6F6F6","http://pbs.twimg.com/profile_background_images/450840973497470976/RlRpNnSx.png","FFFFFF","12FA82","28800",,,,,,"･*✧ my vagina's better than u ✧*･",,,"Sun Jun 30 06:26:37 +0000 2013","2013-06-30 08:26:37","2015-05-02 08:31:09","2016-03-15 15:55:38","0","0"
"312299420","Erin Louise Dunn","erindunnxo","7158","328","491","197","2",,"en","London","Chester",,,"1","http://pbs.twimg.com/profile_images/593829382248071168/P0vgpJd4_normal.jpg","https://pbs.twimg.com/profile_banners/312299420/1429800906","1","https://pbs.twimg.com/profile_background_images/610372554/xb74eaf82473819e74f00fbab1dd6267.png","CE7834","https://pbs.twimg.com/profile_images/593829382248071168/P0vgpJd4_normal.jpg","FFFFFF","1","78C0A8","http://pbs.twimg.com/profile_background_images/610372554/xb74eaf82473819e74f00fbab1dd6267.png","FCEBB6","5E412F","3600",,,,,,"Red wine. Gin.",,,"Mon Jun 06 22:15:22 +0000 2011","2011-06-07 00:15:22","2015-05-01 20:26:01","2016-03-15 16:04:31","0","0"
"387957169","Alysha Mock","amockasin","6497","351","264","5209","0",,"en",,,"1",,"1","http://pbs.twimg.com/profile_images/594249984922398720/mj8pwYy3_normal.jpg","https://pbs.twimg.com/profile_banners/387957169/1428985979","1","https://abs.twimg.com/images/themes/theme1/bg.png","333333","https://pbs.twimg.com/profile_images/594249984922398720/mj8pwYy3_normal.jpg","C0DEED",,"DDEEF6","http://abs.twimg.com/images/themes/theme1/bg.png","C0DEED","0084B4",,,,,,,"I order that alfredo pasta then eat in the kitchen like I'm in the mafia",,,"Sun Oct 09 23:07:33 +0000 2011","2011-10-10 01:07:33","2015-05-02 03:55:45","2016-03-15 16:02:33","1","1"
"28687359","Rebecca Waters","ladytecniq","22067","10200","10070","15593","62","http://t.co/zWHAxrZOMC","en","Arizona","Los Angeles, CA ",,,"1","http://pbs.twimg.com/profile_images/589407831704473601/Uj62ydVt_normal.jpg","https://pbs.twimg.com/profile_banners/28687359/1397548318","1","https://abs.twimg.com/images/themes/theme4/bg.gif","3C3940","https://pbs.twimg.com/profile_images/589407831704473601/Uj62ydVt_normal.jpg","5ED4DC",,"95E8EC","http://abs.twimg.com/images/themes/theme4/bg.gif","0099B9","0099B9","-25200",,,,,,"Radio Personality|Social Media Guru| Brand Ambassador|Publicist|A&R|Animal Lover|Foodie|Supporter of Local & Black Owned Businesses|l❤️God|#positivevibesonly",,,"Fri Apr 03 23:40:26 +0000 2009","2009-04-04 01:40:26","2015-05-01 16:21:48","2016-03-15 16:07:03","1","1"
"1505023116","Ashley Fuller[PB]","Ashfullanne","496","62","95","70","0",,"en",,,,,,"http://pbs.twimg.com/profile_images/3786718939/69e8f01eca1b5f10fa9b3ab7f8a1e414_normal.jpeg","https://pbs.twimg.com/profile_banners/1505023116/1381642175","1","https://abs.twimg.com/images/themes/theme18/bg.gif","333333","https://pbs.twimg.com/profile_images/3786718939/69e8f01eca1b5f10fa9b3ab7f8a1e414_normal.jpeg","EEEEEE",,"F6F6F6","http://abs.twimg.com/images/themes/theme18/bg.gif","ACDED6","038543",,,,,,,"Ha",,,"Tue Jun 11 17:03:59 +0000 2013","2013-06-11 19:03:59","2015-05-02 06:42:18","2016-03-15 15:54:31","1","1"
"2312368014","Ashley","suaveeebriii","19688","1509","805","13140","3","http://t.co/lXhXz8XMkg","en",,,"1",,"1","http://pbs.twimg.com/profile_images/592171291899142145/OPVJ7A1v_normal.jpg","https://pbs.twimg.com/profile_banners/2312368014/1430020101","1","https://abs.twimg.com/images/themes/theme1/bg.png","333333","https://pbs.twimg.com/profile_images/592171291899142145/OPVJ7A1v_normal.jpg","C0DEED",,"DDEEF6","http://abs.twimg.com/images/themes/theme1/bg.png","C0DEED","0084B4",,,,,,,"California",,,"Sun Jan 26 19:45:34 +0000 2014","2014-01-26 20:45:34","2015-05-01 16:00:30","2016-03-15 16:10:06","1","0"
"571300130","Xavier","Grindhard_Greer","5136","442","289","2759","1",,"en",,"Memphis, TN",,,"1","http://pbs.twimg.com/profile_images/584812165913255936/FeVyHIyK_normal.jpg","https://pbs.twimg.com/profile_banners/571300130/1420902167","1","https://pbs.twimg.com/profile_background_images/563483631/boston_celtics_clover_design.jpg","333333","https://pbs.twimg.com/profile_images/584812165913255936/FeVyHIyK_normal.jpg","C0DEED","1","DDEEF6","http://pbs.twimg.com/profile_background_images/563483631/boston_celtics_clover_design.jpg","C0DEED","0084B4",,,,,,,"I got a Dollar and a Dream... #UTK19  Instagram/Snapchat: grindhard_greer",,,"Sat May 05 00:56:37 +0000 2012","2012-05-05 02:56:37","2015-05-01 14:33:30","2016-03-15 15:56:41","1","0"
"332829606"," You First ","GleekHester","66390","1693","2001","29592","13","https://t.co/4gI5oiZ48z","en","Athens",,,,"1","http://pbs.twimg.com/profile_images/592855404226416640/XEFud31E_normal.jpg","https://pbs.twimg.com/profile_banners/332829606/1430176219","1","https://pbs.twimg.com/profile_background_images/539888406117896192/sZ6Z4r4a.jpeg","E62F44","https://pbs.twimg.com/profile_images/592855404226416640/XEFud31E_normal.jpg","FFFFFF","1","DE5F71","http://pbs.twimg.com/profile_background_images/539888406117896192/sZ6Z4r4a.jpeg","4C0D0A","F52589","10800",,,,,,"Leanatic , Montourage , Gleek, Screamer ..OTH,PLL,ARROW,FLASH,TVD,GG...❤ I Love You Cory and  Always Will❤ ...!.!.!.",,,"Sun Jul 10 14:04:47 +0000 2011","2011-07-10 16:04:47","2015-05-01 22:15:48","2016-03-15 15:58:17","1","1"
"2697960505","Danny COYS ","bluewhiteboy14","2911","78","13","1062","4",,"en","London",,,"1",,"http://abs.twimg.com/sticky/default_profile_images/default_profile_2_normal.png",NULL,,"https://abs.twimg.com/images/themes/theme10/bg.gif","000000","https://abs.twimg.com/sticky/default_profile_images/default_profile_2_normal.png","000000",,"000000","http://abs.twimg.com/images/themes/theme10/bg.gif","000000","89C9FA","3600",,,,,,,,,"Fri Aug 01 10:32:22 +0000 2014","2014-08-01 12:32:22","2015-05-01 19:55:38","2016-03-15 15:55:44","1","1"
"21345227","crosspatch","VictorB123","148445","2554","2308","857","112","http://t.co/CFAIwQ5RLa","en","Pacific Time (US & Canada)","California",,,,"http://pbs.twimg.com/profile_images/587862419197661184/jcwP45-B_normal.jpg","https://pbs.twimg.com/profile_banners/21345227/1424229235","1","https://pbs.twimg.com/profile_background_images/793929624/c423f19ed2b3158f44d99eeb07e51fa4.jpeg","333333","https://pbs.twimg.com/profile_images/587862419197661184/jcwP45-B_normal.jpg","FFFFFF",,"DDFFCC","http://pbs.twimg.com/profile_background_images/793929624/c423f19ed2b3158f44d99eeb07e51fa4.jpeg","9AE4E8","0084B4","-25200",,,,,,"Opinionated single parent.  Army veteran. Retweet doesn't mean agreement in all cases. Trying to fight the stupid, but it's hard and there's a lot of it.",,,"Thu Feb 19 22:10:44 +0000 2009","2009-02-19 23:10:44","2015-05-01 14:52:56","2016-03-15 16:01:25","0","0"
"102050811","Rona Barcarse","ronaloves","18458","221","321","641","2","http://t.co/50R9I0K1aY","en","Hong Kong","Manille ♥",,,,"http://pbs.twimg.com/profile_images/444460587112611840/LjJ65sNh_normal.jpeg","https://pbs.twimg.com/profile_banners/102050811/1396801807","1","https://pbs.twimg.com/profile_background_images/378800000034602830/f4a3e8a1b07214433ec224655107db6d.jpeg","F50E3D","https://pbs.twimg.com/profile_images/444460587112611840/LjJ65sNh_normal.jpeg","FFFFFF","1","FFF7CC","http://pbs.twimg.com/profile_background_images/378800000034602830/f4a3e8a1b07214433ec224655107db6d.jpeg","FA7BBA","4FFFFF","28800",,,,,,"Searching for meaning but are we all lost stars- trying to light up the dark?",,,"Tue Jan 05 12:44:57 +0000 2010","2010-01-05 13:44:57","2015-05-02 05:08:17","2016-03-15 16:09:18","0","0"
"344457551","Horse Dick","Adam_Loko116","46272","943","750","9355","3",,"en","Mountain Time (US & Canada)",,,,,"http://pbs.twimg.com/profile_images/593793150109396992/P1Xswfzp_normal.jpg","https://pbs.twimg.com/profile_banners/344457551/1429687164","1","https://pbs.twimg.com/profile_background_images/378800000124452512/e876509aa79f16d3ef61ee662656ef32.jpeg","000000","https://pbs.twimg.com/profile_images/593793150109396992/P1Xswfzp_normal.jpg","000000","1","FFFFFF","http://pbs.twimg.com/profile_background_images/378800000124452512/e876509aa79f16d3ef61ee662656ef32.jpeg","FFFFFF","FA0A16","-21600",,,,,,"Ridin Round Gettin Conchi  TN GFK #ConchiLivin DMK Gemini  ♊️RosePark instagram: Adam_loko116 snapchat: AdamSaysSTFU Rest In Peace Cuma",,,"Fri Jul 29 02:54:50 +0000 2011","2011-07-29 04:54:50","2015-05-01 23:32:57","2016-03-15 15:54:02","0","0"
"345604332","ｇｒａｃｅ","gtbotham4eva","4706","346","490","2847","0",,"en","Arizona",,,,"1","http://pbs.twimg.com/profile_images/593513912554815488/cvxzOa83_normal.jpg","https://pbs.twimg.com/profile_banners/345604332/1427741949","1","https://pbs.twimg.com/profile_background_images/834963780/4452414eda3df2f72d500fd42e15e6a1.jpeg","333333","https://pbs.twimg.com/profile_images/593513912554815488/cvxzOa83_normal.jpg","FFFFFF","1","DDEEF6","http://pbs.twimg.com/profile_background_images/834963780/4452414eda3df2f72d500fd42e15e6a1.jpeg","C0DEED","0084B4","-25200",,,,,,,,,"Sat Jul 30 21:42:50 +0000 2011","2011-07-30 23:42:50","2015-05-01 23:41:43","2016-03-15 16:05:08","1","1"
"973526449","Mumtaz Ali","TheRealMumtaz","1765","58","74","283","2",,"en","Karachi",,"1",,,"http://pbs.twimg.com/profile_images/2901718282/0151bfbcd87b11afe6e906a1a330d6b8_normal.jpeg",NULL,"1","https://abs.twimg.com/images/themes/theme1/bg.png","333333","https://pbs.twimg.com/profile_images/2901718282/0151bfbcd87b11afe6e906a1a330d6b8_normal.jpeg","C0DEED",,"DDEEF6","http://abs.twimg.com/images/themes/theme1/bg.png","C0DEED","0084B4","18000",,,,,,"Muslim Social Worker|  Analyst| Focus: Social Economics and Cultural Rights |Social Democracy| poverty alleviation and Social Justice.",,,"Tue Nov 27 08:39:32 +0000 2012","2012-11-27 09:39:32","2015-05-01 21:07:19","2016-03-15 16:01:02","0","0"
"45859110","Mary G ♕","giannprincesa","33958","338","946","717","11",,"en","Alaska","ÜT: 10.32604,123.887962",,,"1","http://pbs.twimg.com/profile_images/465713155381788672/OTi6iAsF_normal.jpeg","https://pbs.twimg.com/profile_banners/45859110/1411627496","1","https://pbs.twimg.com/profile_background_images/181597609/ano.jpg","7020E0","https://pbs.twimg.com/profile_images/465713155381788672/OTi6iAsF_normal.jpeg","E61942","1","17150C","http://pbs.twimg.com/profile_background_images/181597609/ano.jpg","8F1187","B85000","-28800",,,,,,"A true blue Cebuana.Born for the fast life.Calm on the outside, crazy on the inside.YOUR JUDGEMENT is IRRELEVANT.χσχσ ♕ La Princesa",,,"Tue Jun 09 15:19:52 +0000 2009","2009-06-09 17:19:52","2015-05-01 19:17:39","2016-03-15 16:05:00","0","0"
"50357236","Miggy","MiiiGoh","7093","397","170","1347","0",,"en","Hong Kong","Manila",,,"1","http://pbs.twimg.com/profile_images/577963870674800640/zx48qC1i_normal.jpeg","https://pbs.twimg.com/profile_banners/50357236/1430318104","1","https://pbs.twimg.com/profile_background_images/551840891/Rain-Bokeh-1024x1024-ipad-wallpapers.co.jpg","E6D4E6","https://pbs.twimg.com/profile_images/577963870674800640/zx48qC1i_normal.jpeg","FFFFFF","1","000000","http://pbs.twimg.com/profile_background_images/551840891/Rain-Bokeh-1024x1024-ipad-wallpapers.co.jpg","F5EDF5","45C98D","28800",,,,,,"Faith's",,,"Wed Jun 24 16:40:56 +0000 2009","2009-06-24 18:40:56","2015-05-01 20:34:44","2016-03-15 15:58:48","0","0"
"2318172799","brandon elizondo","brandoelizondo","4340","226","186","9190","0","http://t.co/HjSxPIpuKp","en",,"sandiego ",,,"1","http://pbs.twimg.com/profile_images/526166912758468608/FqujFNi2_normal.jpeg","https://pbs.twimg.com/profile_banners/2318172799/1403830259","1","https://pbs.twimg.com/profile_background_images/484221216568246272/nlMuLALL.png","333333","https://pbs.twimg.com/profile_images/526166912758468608/FqujFNi2_normal.jpeg","FFFFFF","1","EFEFEF","http://pbs.twimg.com/profile_background_images/484221216568246272/nlMuLALL.png","131516","009999",,,,,,,"insta:@brandoelizondo",,,"Thu Jan 30 02:50:20 +0000 2014","2014-01-30 03:50:20","2015-05-01 16:03:13","2016-03-15 16:03:13","0","0"
"42642152","Palash Mustafiz","palashmustafiz","31077","1760","30","932","26","http://t.co/tmT6sk1Qhg","en","Dhaka"," Dhaka, Bangladesh",,,"1","http://pbs.twimg.com/profile_images/479230196311015425/g_HLZSOJ_normal.jpeg",NULL,"1","https://pbs.twimg.com/profile_background_images/199956571/IMG_2900.JPG","3E4415","https://pbs.twimg.com/profile_images/479230196311015425/g_HLZSOJ_normal.jpeg","829D5E",,"99CC33","http://pbs.twimg.com/profile_background_images/199956571/IMG_2900.JPG","352726","D02B55","21600",,,,,,"Hehehe",,,"Tue May 26 15:07:20 +0000 2009","2009-05-26 17:07:20","2015-05-01 18:28:37","2016-03-15 16:08:40","0","0"
"169325249","Jeff Topping","toppjj","4996","407","416","107","7",,"en","Pacific Time (US & Canada)","Los Angeles",,,"1","http://pbs.twimg.com/profile_images/460670494367178752/0K1A0NEj_normal.jpeg","https://pbs.twimg.com/profile_banners/169325249/1355870599","1","https://pbs.twimg.com/profile_background_images/129650038/Av0022.jpg","333333","https://pbs.twimg.com/profile_images/460670494367178752/0K1A0NEj_normal.jpeg","FFFFFF","1","EFEFEF","http://pbs.twimg.com/profile_background_images/129650038/Av0022.jpg","131516","009999","-25200",,,,,,"rhubarb rhubarb",,,"Thu Jul 22 02:20:32 +0000 2010","2010-07-22 04:20:32","2015-05-01 13:27:57","2016-03-15 16:10:33","1","1"
"2524484877","danielle","polarbearlester","60078","4073","142","13889","78",,"es","Santiago","she||her",,,"1","http://pbs.twimg.com/profile_images/594098924266364928/s1nBmdpt_normal.jpg","https://pbs.twimg.com/profile_banners/2524484877/1430479188","1","https://pbs.twimg.com/profile_background_images/477576369228894208/WU7ugs27.jpeg","333333","https://pbs.twimg.com/profile_images/594098924266364928/s1nBmdpt_normal.jpg","FFFFFF","1","DDEEF6","http://pbs.twimg.com/profile_background_images/477576369228894208/WU7ugs27.jpeg","9266CC","F5ABB5","-14400",,,,,,"do yall got anal? || 1/3 pauljac3 cult",,,"Sat May 03 02:01:24 +0000 2014","2014-05-03 04:01:24","2015-05-01 17:34:50","2016-03-15 15:59:33","0","0"
"66177353","✨ Leonidas ✨","rochelle_ejacob","73262","1020","741","16004","5","http://t.co/mLnzFUgdZK","en","La Paz","Trinidad and Tobago",,,"1","http://pbs.twimg.com/profile_images/590048298595180544/5dTm_vev_normal.jpg","https://pbs.twimg.com/profile_banners/66177353/1396188303","1","https://pbs.twimg.com/profile_background_images/378800000087386753/6a3ed1f680bfe74cb56ce1e23df5d5be.jpeg","666666","https://pbs.twimg.com/profile_images/590048298595180544/5dTm_vev_normal.jpg","FFFFFF","1","252429","http://pbs.twimg.com/profile_background_images/378800000087386753/6a3ed1f680bfe74cb56ce1e23df5d5be.jpeg","09090A","E68115","-14400",,,,,,"Skrrr Skrrr",,,"Sun Aug 16 19:40:46 +0000 2009","2009-08-16 21:40:46","2015-05-01 23:47:22","2016-03-15 16:09:17","0","0"
"18917949","Lila LaHood","lilalahood","1302","1894","2012","76","101","http://t.co/7CN14VzdiN","en","Pacific Time (US & Canada)","San Francisco, CA",,,,"http://pbs.twimg.com/profile_images/580442162443251713/FFh1WoIV_normal.jpg","https://pbs.twimg.com/profile_banners/18917949/1400208834","1","https://pbs.twimg.com/profile_background_images/70198908/xd92311ea97885ef64d45d2f227ff5c4.png","252F37","https://pbs.twimg.com/profile_images/580442162443251713/FFh1WoIV_normal.jpg","E1D8D4","1","D2D9DE","http://pbs.twimg.com/profile_background_images/70198908/xd92311ea97885ef64d45d2f227ff5c4.png","E6121E","EB1827","-25200",,,,,,"Publisher, San Francisco Public Press (@sfpublicpress) ~ lila [at] sfpublicpress [dot] org",,,"Mon Jan 12 22:15:43 +0000 2009","2009-01-12 23:15:43","2015-05-01 13:57:22","2016-03-15 16:07:13","0","0"
"324540065","Diamond Balotje♥","Mrz_Diamond","11475","316","657","829","3",,"en","La Paz","Globally",,,,"http://pbs.twimg.com/profile_images/569225227989553152/-U8HcfcG_normal.jpeg","https://pbs.twimg.com/profile_banners/324540065/1367836635","1","https://pbs.twimg.com/profile_background_images/556521635/Paradise.jpg","1C1F23","https://pbs.twimg.com/profile_images/569225227989553152/-U8HcfcG_normal.jpeg","BFBFBF",,"C9C9C9","http://pbs.twimg.com/profile_background_images/556521635/Paradise.jpg","07090B","C34242","-14400",,,,,,"When thingz are known, words are useless!",,,"Sun Jun 26 20:12:59 +0000 2011","2011-06-26 22:12:59","2015-05-01 21:31:24","2016-03-15 15:58:57","0","0"
"31290927","Jess Herbig","jherbig","842","219","356","47","4",,"en","Central Time (US & Canada)","Wichita, Kansas","1",,,"http://pbs.twimg.com/profile_images/3129604091/955e86171d073da456e6b94522c3e184_normal.jpeg",NULL,"1","https://abs.twimg.com/images/themes/theme1/bg.png","333333","https://pbs.twimg.com/profile_images/3129604091/955e86171d073da456e6b94522c3e184_normal.jpeg","C0DEED",,"DDEEF6","http://abs.twimg.com/images/themes/theme1/bg.png","C0DEED","0084B4","-18000",,,,,,,,,"Wed Apr 15 01:10:26 +0000 2009","2009-04-15 03:10:26","2015-05-01 16:37:52","2016-03-15 16:06:13","1","0"
"609166669","Cait ","brightestbitch","11711","344","383","10042","4",,"en","Eastern Time (US & Canada)",,"1",,"1","http://pbs.twimg.com/profile_images/583437605779410944/iJa4lQIJ_normal.jpg","https://pbs.twimg.com/profile_banners/609166669/1427937188","1","https://abs.twimg.com/images/themes/theme1/bg.png","333333","https://pbs.twimg.com/profile_images/583437605779410944/iJa4lQIJ_normal.jpg","C0DEED",,"DDEEF6","http://abs.twimg.com/images/themes/theme1/bg.png","C0DEED","0084B4","-14400",,,,,,"I believe I can so I fucking will",,,"Fri Jun 15 14:48:40 +0000 2012","2012-06-15 16:48:40","2015-05-01 16:06:44","2016-03-15 16:03:15","0","0"
"169194549","Bryan Broaddus","BryanBroaddus","62631","52287","209","19","1342","http://t.co/H8deTHiUoH","en","Central Time (US & Canada)","Irving, Texas",,,,"http://pbs.twimg.com/profile_images/566366069170794496/1Oz39tiO_normal.jpeg","https://pbs.twimg.com/profile_banners/169194549/1423867004","1","https://pbs.twimg.com/profile_background_images/125734923/greenbay_XXXI.jpg","333333","https://pbs.twimg.com/profile_images/566366069170794496/1Oz39tiO_normal.jpeg","C0DEED",,"DDEEF6","http://pbs.twimg.com/profile_background_images/125734923/greenbay_XXXI.jpg","C0DEED","0084B4","-18000",,,,,,"Hanging out at Valley Ranch covering the Cowboys. Former NFL Personnel Man. Serious about Auto Racing and LSU Tigers as well.",,,"Wed Jul 21 19:36:17 +0000 2010","2010-07-21 21:36:17","2015-05-01 13:27:27","2016-03-15 15:55:02","0","0"
"131043638","Kenneth J. McCormick","AboutFactsNet","3114","28","32","1","0","http://t.co/93gshk5snR","en","Eastern Time (US & Canada)",,,,,"http://pbs.twimg.com/profile_images/809376377/Ken2_normal.jpg",NULL,,"https://abs.twimg.com/images/themes/theme9/bg.gif","000000","https://pbs.twimg.com/profile_images/809376377/Ken2_normal.jpg","000000",,"000000","http://abs.twimg.com/images/themes/theme9/bg.gif","000000","3B94D9","-14400",,,,,,"I am the webmaster of About Facts Internet magazine.(formerly About Facts Net) http://t.co/93gshkn3vV where all articles, photos and drawings are free to use",,,"Fri Apr 09 03:07:55 +0000 2010","2010-04-09 05:07:55","2015-05-02 10:45:22","2016-03-15 15:54:01","0","0"
"227055399","Lauren ❁","laurrkat","23324","701","468","5443","1",,"en","Central Time (US & Canada)",,,,,"http://pbs.twimg.com/profile_images/593933851455455232/G9qTHCyg_normal.jpg","https://pbs.twimg.com/profile_banners/227055399/1429497779","1","https://pbs.twimg.com/profile_background_images/764191894/f3a61450cc9aa06f851fc9db8e9d6acd.png","5E412F","https://pbs.twimg.com/profile_images/593933851455455232/G9qTHCyg_normal.jpg","F0A830","1","78C0A8","http://pbs.twimg.com/profile_background_images/764191894/f3a61450cc9aa06f851fc9db8e9d6acd.png","FCEBB6","CE7834","-18000",,,,,,"❁ ❁ crawl before you walk, think it through before you open your mouth to talk, be an advocate of joy, find your little hearts desire, and follow it ❁ ❁",,,"Wed Dec 15 20:03:01 +0000 2010","2010-12-15 21:03:01","2015-05-01 15:59:44","2016-03-15 16:07:07","1","1"
"1576039274","Cindy.","_offdatmiley","3204","242","152","960","0",,"en",,,"1",,"1","http://pbs.twimg.com/profile_images/591210897210671104/0B_zJK6__normal.jpg","https://pbs.twimg.com/profile_banners/1576039274/1429771122","1","https://abs.twimg.com/images/themes/theme1/bg.png","333333","https://pbs.twimg.com/profile_images/591210897210671104/0B_zJK6__normal.jpg","C0DEED",,"DDEEF6","http://abs.twimg.com/images/themes/theme1/bg.png","C0DEED","0084B4",,,,,,,"Bray ❤️",,,"Sun Jul 07 20:58:51 +0000 2013","2013-07-07 22:58:51","2015-05-02 08:56:10","2016-03-15 16:02:04","0","0"
"150873009","Corrine Bonilla ","frances_corrine","3659","239","286","1122","2","http://t.co/5eARRyecpP","en","Central Time (US & Canada)","Baguio City",,,"1","http://pbs.twimg.com/profile_images/592366975923302400/lYPdc_9A_normal.jpg","https://pbs.twimg.com/profile_banners/150873009/1430066223","1","https://abs.twimg.com/images/themes/theme14/bg.gif","634047","https://pbs.twimg.com/profile_images/592366975923302400/lYPdc_9A_normal.jpg","D3D2CF","1","E3E2DE","http://abs.twimg.com/images/themes/theme14/bg.gif","EDECE9","89C9FA","-18000",,,,,,"TeacherToBe▪FoodLover▪Musiclover▪NatureLover▪Frank▪Fighter▪Awesome▪Louisian",,,"Wed Jun 02 01:37:52 +0000 2010","2010-06-02 03:37:52","2015-05-01 13:05:25","2016-03-15 16:04:48","0","0"
"136173007","Rashid Malik","TheRashooAwan","25123","881","1061","36405","12",,"en","Islamabad","Islamabad",,,"1","http://pbs.twimg.com/profile_images/589091759268831232/rv9GP4rY_normal.jpg","https://pbs.twimg.com/profile_banners/136173007/1427758634","1","https://abs.twimg.com/images/themes/theme15/bg.png","333333","https://pbs.twimg.com/profile_images/589091759268831232/rv9GP4rY_normal.jpg","A8C7F7",,"C0DFEC","http://abs.twimg.com/images/themes/theme15/bg.png","022330","0084B4","18000",,,,,,"IG: rashoomalik  #kik : rashoo40#May29  #Gemini  #SoftwareEngineer,  #Programmer #Blogger #MusicLover  #Tourist   #Sarcastic",,,"Fri Apr 23 06:14:40 +0000 2010","2010-04-23 08:14:40","2015-05-02 11:20:39","2016-03-15 16:01:01","0","0"
"1171310826","Saaang ","VidTheGreat","10574","904","695","3014","1",,"en","International Date Line West",,,,"1","http://pbs.twimg.com/profile_images/586894238610132994/UZtDo3mo_normal.png","https://pbs.twimg.com/profile_banners/1171310826/1429827057","1","https://pbs.twimg.com/profile_background_images/813477242/063b1ae9a50f913a872e24b7364acc35.jpeg","333333","https://pbs.twimg.com/profile_images/586894238610132994/UZtDo3mo_normal.png","FFFFFF","1","EFEFEF","http://pbs.twimg.com/profile_background_images/813477242/063b1ae9a50f913a872e24b7364acc35.jpeg","131516","F5ABB5","-39600",,,,,,"Souled out",,,"Tue Feb 12 08:26:50 +0000 2013","2013-02-12 09:26:50","2015-05-02 01:11:44","2016-03-15 16:01:25","0","0"
"85203320","Tee","boyzinthehoood","8860","178","493","715","6",,"en",,,,,,"http://pbs.twimg.com/profile_images/583420362467057664/ObH8rUeZ_normal.png","https://pbs.twimg.com/profile_banners/85203320/1430302117","1","https://pbs.twimg.com/profile_background_images/593884964438999040/Jhz6q83d.jpg","333333","https://pbs.twimg.com/profile_images/583420362467057664/ObH8rUeZ_normal.png","000000","1","DDEEF6","http://pbs.twimg.com/profile_background_images/593884964438999040/Jhz6q83d.jpg","EBEBEB","990000",,,,,,,"! What We Do In Life Echoes In Eternity !",,,"Mon Oct 26 00:48:05 +0000 2009","2009-10-26 01:48:05","2015-05-02 03:02:25","2016-03-15 16:03:12","0","0"
"1617515642","Sofia","sofialozano_","12502","478","353","28547","0",,"en",,,"1",,"1","http://pbs.twimg.com/profile_images/583544757852348418/_ROI-E7b_normal.jpg","https://pbs.twimg.com/profile_banners/1617515642/1430117766","1","https://abs.twimg.com/images/themes/theme1/bg.png","333333","https://pbs.twimg.com/profile_images/583544757852348418/_ROI-E7b_normal.jpg","C0DEED",,"DDEEF6","http://abs.twimg.com/images/themes/theme1/bg.png","C0DEED","0084B4",,,,,,,"Yea i have trash eyebrows but my Personality A1",,,"Wed Jul 24 11:11:27 +0000 2013","2013-07-24 13:11:27","2015-05-02 09:58:04","2016-03-15 16:09:55","0","0"
"3013481653","augustine ","drizzlingh0ran","1189","369","337","250","0",,"en",,"ph",,,"1","http://pbs.twimg.com/profile_images/589401800756760576/IuaWqX8O_normal.jpg","https://pbs.twimg.com/profile_banners/3013481653/1429359313","1","https://pbs.twimg.com/profile_background_images/580956165665738752/6qKQW1GS.png","333333","https://pbs.twimg.com/profile_images/589401800756760576/IuaWqX8O_normal.jpg","C0DEED","1","DDEEF6","http://pbs.twimg.com/profile_background_images/580956165665738752/6qKQW1GS.png","C0DEED","0084B4",,,,,,,"i was so stupid for letting you go // new account",,,"Sun Feb 08 13:34:39 +0000 2015","2015-02-08 14:34:39","2015-05-02 01:06:25","2016-03-15 16:04:18","0","0"
"614770385","JB","brockly36","103","26","189","40","1",,"en",,,"1",,,"http://pbs.twimg.com/profile_images/3280220902/81d1249bfbfe7611af321e1b0cd7efbe_normal.jpeg","https://pbs.twimg.com/profile_banners/614770385/1411688379","1","https://abs.twimg.com/images/themes/theme1/bg.png","333333","https://pbs.twimg.com/profile_images/3280220902/81d1249bfbfe7611af321e1b0cd7efbe_normal.jpeg","C0DEED",,"DDEEF6","http://abs.twimg.com/images/themes/theme1/bg.png","C0DEED","0084B4",,,,,,,,,,"Fri Jun 22 02:23:20 +0000 2012","2012-06-22 04:23:20","2015-05-01 16:11:56","2016-03-15 16:03:16","0","0"
"221187678","HARIS KHAN","KingKhanBeats","48392","1824","499","36945","14","http://t.co/sMTqIimaOn","en","Pacific Time (US & Canada)","Keizer, Oregon","1",,"1","http://pbs.twimg.com/profile_images/592553639002013696/0HktoVje_normal.jpg","https://pbs.twimg.com/profile_banners/221187678/1430235663","1","https://abs.twimg.com/images/themes/theme1/bg.png","333333","https://pbs.twimg.com/profile_images/592553639002013696/0HktoVje_normal.jpg","C0DEED",,"DDEEF6","http://abs.twimg.com/images/themes/theme1/bg.png","C0DEED","0084B4","-25200",,,,,,"Music Producer | Recording Engineer | Mix Engineer | Videographer | GFX | ARTrepreneur kingkhanbeats@gmail.com #GRINDHOURS Dri",,,"Tue Nov 30 00:02:07 +0000 2010","2010-11-30 01:02:07","2015-05-01 15:53:04","2016-03-15 15:57:59","0","0"
